ClasGoran Carlsson,S,Kronobergs lan
Johan Hultberg,M,Kronobergs lan
Jorgen Andersson,M,Kalmar lan
Hanna Westeren,S,Gotlands lan
Jonas Akerlund,SD,Vastmanlands lan
Josef Fransson,SD,Uppsala lan
Maria Ferm,MP,Stockholms kommun
Kajsa Lunderquist,M,Malmo kommun
Magnus Ehrencrona,MP,Skane lans vastra
Thomas Finnborg,M,Skane lans vastra
Jonas Jacobsson Gjortler,M,Skane lans vastra
Tony Wiklander,SD,Vastra Gotalands lans vastra
Kerstin Nilsson,S,Skane lans sodra
Julia Kronlid,SD,Stockholms lan
Gustav Schyllert,M,Skane lans sodra
Tomas Avenborg,M,Skane lans sodra
Laila Olsen,S,Skane lans sodra
Linda Wemmert,M,Skane lans sodra
Marianne Pettersson,S,Skane lans sodra
Magnus Sjodahl,KD,Skane lans sodra
Mattias Karlsson,SD,Varmlands lan
Annelie Karlsson,S,Skane lans norra och ostra
Christer Akej,M,Skane lans norra och ostra
Adnan Dibrani,S,Hallands lan
Jenny Petersson,M,Hallands lan
Ola Johansson,C,Hallands lan
Mikael Jansson,SD,Gavleborgs lan
Michael Svensson,M,Hallands lan
Agneta Borjesson,MP,Hallands lan
Helen Andersson,C,Hallands lan
Susanna Haby,M,Goteborgs kommun
Abdirizak Waberi,M,Goteborgs kommun
Anders Flanking,C,Vastra Gotalands lans ostra
Luciano Astudillo,S,Malmo kommun
Claes Vasterteg,C,Vastra Gotalands lans sodra
Tomas Agenberg,S,Stockholms kommun
Veronica Palm,S,Stockholms kommun
Hanna Zetterberg,V,n/a
Matilda Ernkrans,S,Orebro lan
Ulrika Karlsson,M,Uppsala lan
Andreas Norlen,M,Ostergotlands lan
Elisa Abascal Reyes,MP,n/a
Fredrik Olovsson,S,Sodermanlands lan
Cecilia Widegren,M,Vastra Gotalands lans ostra
Maria Wetterstrand,MP,Stockholms kommun
Max Andersson,MP,Goteborgs kommun
Meeri Wasberg,S,Stockholms lan
Lena Hallengren,S,Kalmar lan
Tobias Billstrom,M,Malmo kommun
Camilla Lindberg,FP,Dalarnas lan
Rossana Dinamarca,V,Vastra Gotalands lans norra
Amanda Agestav,KD,Stockholms lan
Sebastian Cederschiold,M,n/a
Peter Danielsson,M,Skane lans vastra
Johan Linander,C,Skane lans sodra
Gustaf Hoffstedt,M,Gotlands lan
Jan Emanuel Johansson,S,Stockholms lan
Gustav Blix,M,Stockholms kommun
Hillevi Larsson,S,Malmo kommun
Torsten Lindstrom,KD,Vastmanlands lan
Ulrika Thulin,S,Skane lans vastra
Teres Lindberg,S,Stockholms kommun
Jakob Forssmed,KD,Stockholms lan
Kristin Oretorp,C,Hallands lan
Birgitta Ohlsson,FP,Stockholms kommun
Dan Nilsson,S,Kalmar lan
Roy Resare,MP,n/a
Lars Lilja,S,Vasterbottens lan
Rose-Marie Carlsson,S,Malmo kommun
Mariam Osman Sherifay,S,Stockholms lan
Berit Andnor,S,Jamtlands lan
Mats Pertoft,MP,Stockholms lan
Margareta Israelsson,S,Vastmanlands lan
Lennart Gustavsson,V,Vasterbottens lan
Sverker Thoren,FP,Kalmar lan
Peeter Luksep,M,n/a
Ismail Kamil,FP,Uppsala lan
Ulrik Lindgren,KD,Dalarnas lan
Anders Andersson,KD,Kalmar lan
Sven Gunnar Persson,KD,Orebro lan
Sven-Erik Osterberg,S,Vastmanlands lan
Gunilla Andersson,S,n/a
Lars Angstrom,MP,Stockholms lan
Anders Johnson,FP,n/a
Mikael Cederbratt,M,Vastra Gotalands lans norra
Yvonne Oscarsson,V,Gavleborgs lan
Mikael Rosen,M,Dalarnas lan
Kerstin Haglo,S,Blekinge lan
Stig Henriksson,V,Vastmanlands lan
Maud Olofsson,C,Vasterbottens lan
Leif Jakobsson,S,Malmo kommun
Lotta Hedstrom,MP,Skane lans norra och ostra
Marina Pettersson,S,Varmlands lan
Sven-Olof Petersson,C,n/a
Widar Andersson,S,n/a
Lena Adelsohn Liljeroth,M,Stockholms kommun
Eva Sonidsson,S,Vasternorrlands lan
Kristina Nordstrom,S,n/a
Elisebeht Markstrom,S,Sodermanlands lan
Edip Noyan,M,Stockholms lan
Lars U Granberg,S,Norrbottens lan
Catherine Persson,S,Skane lans sodra
Catharina Elmsater-Svard,M,Stockholms lan
Helena Hoij,KD,Stockholms kommun
Mahmood Fahmi,M,Stockholms kommun
Per Svedberg,S,Gavleborgs lan
Lars Mejern Larsson,S,Varmlands lan
Ann-Charlotte Hammar Johnsson,M,Skane lans vastra
Anna-Karin Nylund,S,Norrbottens lan
Anette Akesson,M,Skane lans norra och ostra
Per Lodenius,C,Stockholms lan
Karin Enstrom,M,Stockholms lan
Carina Moberg,S,Stockholms lan
Gunilla Carlsson,S,Goteborgs kommun
Magda Rasmusson,MP,Stockholms kommun
Jan Andersson,C,Hallands lan
Jorgen Persson,S,n/a
Maria Stenberg,S,Norrbottens lan
Sten Tolgfors,M,Orebro lan
Gunnar Sandberg,S,Jamtlands lan
Tomas Eneroth,S,Kronobergs lan
Lotta Jonsson,KD,Sodermanlands lan
Camilla Dahlin-Andersson,FP,n/a
Mikaela Valtersson,MP,Stockholms lan
Hanna Broberg,M,Stockholms kommun
Mikael Oscarsson,KD,Uppsala lan
Nalin Pekgul,S,n/a
Kenneth G Forslund,S,Vastra Gotalands lans vastra
Marie Norden,S,Jamtlands lan
Anna Ibrisagic,M,n/a
Magnus Johansson,S,n/a
Annicka Engblom,M,Blekinge lan
Gunnar Axen,M,Ostergotlands lan
Tina Acketoft,FP,Skane lans vastra
Kerstin Hermansson,C,Vastra Gotalands lans sodra
Tina Ehn,MP,Vastra Gotalands lans vastra
Karin Pilsater,FP,Stockholms lan
Maria Borelius,M,n/a
Anneli Hulthen,S,n/a
Gunvor G Ericson,MP,Sodermanlands lan
Roland Backman,S,Gavleborgs lan
Stefan Attefall,KD,Jonkopings lan
Ulf Grape,M,Vasterbottens lan
Sven Yngve Persson,M,Skane lans vastra
Torbjorn Lovendahl,S,Skane lans sodra
Mia Sydow Molleby,V,Orebro lan
Cecilia Dalman Eek,S,Goteborgs kommun
Jan-Evert Radhstrom,M,Varmlands lan
Annika Eclund,KD,Vastra Gotalands lans ostra
Ewa Bjorling,M,Stockholms lan
Bengt Eliasson,FP,Hallands lan
Anders W Jonsson,C,Gavleborgs lan
Marie Wilen,C,Uppsala lan
Anders Berglov,S,n/a
Jan Ericson,M,Vastra Gotalands lans sodra
Michael Stjernstrom,KD,n/a
Pia Hallstrom,M,Varmlands lan
Hans Rothenberg,M,Goteborgs kommun
Nina Lundstrom,FP,Stockholms kommun
Elisabeth Andersson,C,n/a
Johan Andersson,S,Ostergotlands lan
Ann-Kristine Johansson,S,Varmlands lan
Kent Carlsson,S,n/a
Isabella Hokmark,M,Stockholms lan
Yoomi Renstrom,S,Gavleborgs lan
Pernilla Zethraeus,V,Stockholms kommun
Helena Bouveng,M,Jonkopings lan
Michael Lund,S,n/a
Eivor Husing,S,n/a
Sven-Erik Alkemark,S,n/a
Solveig Ternstrom,-,Stockholms kommun
Olof Johansson,C,n/a
Siri Dannaeus,FP,n/a
Percy Liedholm,M,n/a
Kerstin-Maria Stalin,MP,n/a
Sten Svensson,M,n/a
Ann-Cathrine Haglund,M,n/a
Sture Ericson,S,n/a
Emmanuel Morfiadakis,n/a,n/a
Birgitta Dahl,S,n/a
Bjorn Ericson,S,n/a
Gunvor Norberg,C,n/a
Berit Adolfsson,M,Vastra Gotalands lans vastra
Roine Carlsson,S,n/a
Lola Bjorkquist,FP,n/a
Erik Arthur Egervarn,C,n/a
Johan Lonnroth,V,n/a
Sigge Godin,FP,n/a
Karl Erik Olsson,C,n/a
Catarina Ronnung,S,n/a
Hans Lindblad,FP,n/a
Martha Gardestig,KD,n/a
Allan Larsson,S,n/a
Anna Strakander,M,n/a
Tage Pahlsson,C,Vasternorrlands lan
Sven Hulterstrom,S,n/a
Birgitta Wichne,M,Vastra Gotalands lans sodra
Gudrun Norberg,FP,n/a
Torgny Larsson,S,n/a
John Andersson,-,n/a
Lars Hjerten,M,n/a
Carl G Nilsson,M,n/a
Agne Hansson,C,Kalmar lan
Karl-Gosta Svenson,M,n/a
Bengt Sjonell,n/a,n/a
Ingrid Diesen,n/a,n/a
Bertil Jonasson,C,n/a
Eric Enlund,n/a,n/a
Karl Boo,C,n/a
Tullia von Sydow,S,n/a
Ingemund Bengtsson,S,n/a
Sten Sture Paterson,M,n/a
Vivi Niva,V,n/a
Erik Edin,FP,n/a
Siri Haggmark,M,n/a
Per-Olof Strindberg,M,n/a
Per Arne Aglert,FP,n/a
Nils Carlshamre,M,n/a
Stig Josefson,C,n/a
Nils Erik Waag,S,n/a
Gunnel Jonang,C,n/a
Oskar Lindkvist,S,n/a
Lena Lundblad,n/a,n/a
Maj-Lis Landberg,S,n/a
Hugo Hegeland,M,n/a
Olle Aulin,M,n/a
Erik Hovhammar,M,n/a
Nils Berndtson,V,n/a
Evert Hedberg,S,n/a
Lars De Geer,FP,n/a
Hans Pettersson,S,n/a
Tore Claeson,V,n/a
Gertrud Sigurdsen,S,n/a
Rolf Clarkson,M,n/a
Torsten Karlsson,S,n/a
Sven Munke,M,n/a
Rune Angstrom,FP,n/a
Barbro Nilsson,M,n/a
Sten Andersson,S,n/a
Karl-Anders Petersson,C,n/a
Ralf Lindstrom,S,n/a
Cecilia Malmstrom,FP,n/a
Anneli Sarnblad,S,Dalarnas lan
Carina Gronhagen,S,Gotlands lan
Anna Agerfalk,FP,Orebro lan
Johan Andersson,S,Skane lans vastra
Petter Loberg,S,Vastra Gotalands lans sodra
Christer Nylander,FP,Skane lans norra och ostra
Boriana Aberg,M,Skane lans sodra
Osama Ali Maher,M,Malmo kommun
Rocio Fernandez,FP,Goteborgs kommun
Erik A Eriksson,C,Varmlands lan
Anna Rheyneuclaudes Kihlman,M,Stockholms lan
Annika Jonsell,M,n/a
Camilla Waltersson Gronvall,M,Vastra Gotalands lans norra
Lena Sandlin-Hedman,S,n/a
Nyamko Sabuni,FP,Stockholms lan
Ulf Holm,MP,Skane lans sodra
Peter Lundgren,SD,Ostergotlands lan
Pernilla Mobeck,S,n/a
Christer Engelhardt,S,Gotlands lan
Josefin Brink,V,Stockholms kommun
Kalle Larsson,V,Stockholms kommun
Martin Nilsson,S,Jonkopings lan
Niclas Lindberg,S,Stockholms lan
Cecilie Tenfjord-Toftby,M,Vastra Gotalands lans sodra
Lars Eriksson,S,Vastmanlands lan
Anna Kinberg Batra,M,Stockholms lan
Morgan Johansson,S,Skane lans sodra
Patrick Reslow,M,Malmo kommun
Anders Ygeman,S,Stockholms kommun
Torkild Strandberg,FP,Skane lans vastra
Yvonne Ruwaida,MP,Stockholms kommun
Hans Unander,S,Dalarnas lan
Desiree Liljevall,S,Kalmar lan
Hugo Andersson,C,n/a
Staffan Appelros,M,Malmo kommun
Conny Ohman,S,Ostergotlands lan
Margareta Persson,S,n/a
Per Stenmarck,M,n/a
Kent Persson,V,Vastmanlands lan
Lennart Thornlund,S,n/a
Bengt-Anders Johansson,M,Jonkopings lan
Gote Wahlstrom,S,Jonkopings lan
Mona Jonsson,MP,Vastra Gotalands lans vastra
Per Rosengren,V,Vastra Gotalands lans ostra
Gunilla Wahlen,V,Vasternorrlands lan
Anne-Marie Palsson,M,Skane lans sodra
Anders Karlsson,S,Skane lans vastra
Hakan Holmberg,FP,n/a
Yvonne Andersson,KD,Ostergotlands lan
Roland Utbult,KD,Vastra Gotalands lans vastra
Hans Olsson,S,Vastra Gotalands lans sodra
Eva Bengtson,M,Kalmar lan
Christina Oskarsson,S,Vastra Gotalands lans norra
Siw Wittgren-Ahl,S,Goteborgs kommun
Jeppe Johnsson,M,Blekinge lan
Per Westerberg,M,Sodermanlands lan
Marietta de Pourbaix-Lundin,M,Stockholms lan
Marita Ulvskog,S,Dalarnas lan
Jan-Olof Larsson,S,Vastra Gotalands lans vastra
Lars Gustafsson,KD,Hallands lan
Ulf Kero,S,n/a
Mona Ritzen,M,n/a
Jan Lindholm,MP,Dalarnas lan
Leif Pagrotsky,S,Goteborgs kommun
Sven Bergstrom,C,Gavleborgs lan
Monica Widnemark,S,n/a
Bjorn Samuelson,V,n/a
Christina Ornebjar,FP,Orebro lan
Kjell A Mattsson,C,n/a
Ingemar Konradsson,S,n/a
Bo G Jenevall,NYD,n/a
Margareta Persson,S,Jonkopings lan
Goran Hagglund,KD,Hallands lan
Larry Soder,KD,Hallands lan
Ann-Christin Nykvist,S,n/a
Sven Otto Littorin,M,n/a
Torbjorn Bjorlund,V,Ostergotlands lan
Linda Snecker,V,Ostergotlands lan
Staffan Danielsson,C,Ostergotlands lan
Ulrika Heindorff,M,Skane lans vastra
Karl Gustaf Sjodin,NYD,n/a
Rose-Marie Frebran,KD,n/a
Marianne Nilsson,S,n/a
Margareta Andersson,C,Jonkopings lan
Birgitta Ahlqvist,S,Norrbottens lan
Pether Nordblad,FP,n/a
Gudrun Schyman,-,Stockholms lan
Claes-Goran Brandin,S,Goteborgs kommun
Birgitta Eriksson,S,Vastra Gotalands lans vastra
Nils-Erik Soderqvist,S,Vastra Gotalands lans norra
Johnny Ahlqvist,S,n/a
Bjorn Leivik,M,Vastra Gotalands lans norra
Eva Arvidsson,S,Stockholms lan
Alf Eriksson,S,Hallands lan
Hans Karlsson,S,n/a
Lars-Ivar Ericson,C,Skane lans norra och ostra
Gudrun Lindvall,MP,n/a
Jacob Johnson,V,Uppsala lan
Margareta B Kjellin,M,Gavleborgs lan
Kurt Kvarnstrom,S,Dalarnas lan
Lisbeth Gronfeldt Bergman,M,Goteborgs kommun
Catharina Hagen,M,n/a
Inger Strombom,KD,Stockholms lan
Inger Gustafsson,FP,Jonkopings lan
Max Montalvo,NYD,n/a
Ines Uusmann,S,n/a
Carl-Axel Roslund,M,Malmo kommun
Kerstin Kristiansson Karlstedt,S,Vasternorrlands lan
Henrik S Jarrel,M,Stockholms kommun
Anders Sjolund,M,Vasterbottens lan
Anita Broden,FP,Vastra Gotalands lans norra
Bjorn Kaaling,S,n/a
Mona Nyberg,S,n/a
Ann Arleklo,S,Skane lans vastra
Anders Wiklund,V,Dalarnas lan
Lars Elinderson,M,Vastra Gotalands lans ostra
Kenneth Lantz,KD,Skane lans vastra
Else-Marie Lindgren,KD,Vastra Gotalands lans sodra
Carl Bildt,M,n/a
Maud Ekendahl,M,Skane lans norra och ostra
Bo Bernhardsson,S,Skane lans sodra
Olle Schmidt,FP,n/a
Ronny Olander,S,Skane lans sodra
Anders Nordin,MP,n/a
Christina Axelsson,S,Stockholms lan
Margareta Palsson,M,Skane lans norra och ostra
Stig Eriksson,V,Norrbottens lan
Rolf Olsson,V,Goteborgs kommun
Gunhild Wallin,C,Orebro lan
Annika Ahnberg,S,n/a
Lars Leijonborg,FP,Stockholms lan
Sermin Ozurkut,V,Stockholms lan
Lars-Erik Lovden,S,n/a
Goran Lindblad,M,Goteborgs kommun
Hakan Larsson,C,Jamtlands lan
Yvonne Sandberg-Fries,S,n/a
Katarina Brannstrom,M,Kronobergs lan
Bengt-Goran Hansson,S,Skane lans sodra
Stig Bertilsson,M,n/a
Jan Nygren,S,n/a
Goran Dahlstrand,S,n/a
Lars Johansson,S,Goteborgs kommun
Arne Mellqvist,S,n/a
Mauricio Rojas,FP,Stockholms lan
Eva Thede,MP,n/a
Gunilla Tjernberg,KD,Vasterbottens lan
Olle Sandahl,KD,Kronobergs lan
Jan Bjorkman,S,Blekinge lan
Eva Ohbom Ekdahl,M,Stockholms lan
Frank Lassen,S,n/a
Jan Eliasson,S,n/a
Henrik Westman,M,Stockholms lan
Roland Larsson,S,n/a
Ziita Eriksson,M,Gavleborgs lan
Maryam Yazdanfar,S,Stockholms lan
Anna Wallen,S,Vastmanlands lan
Fredrik Schulte,M,Stockholms lan
Helena Leander,MP,Uppsala lan
Axel Darvik,FP,Goteborgs kommun
Andreas Carlson,KD,Jonkopings lan
Montaser Eneim,M,Malmo kommun
Valter Mutt,MP,Goteborgs kommun
Mattias Jonsson,S,Goteborgs kommun
Sven-Olof Sallstrom,SD,Dalarnas lan
Karin Ostring Bergman,C,Goteborgs kommun
Marie Wickberg,C,Varmlands lan
Annika Duan,S,Vastmanlands lan
Roza Guclu Hedin,S,Dalarnas lan
Daniel Riazat,V,Dalarnas lan
Stefan Lofven,S,Stockholms kommun
Pernilla Stalhammar,MP,Stockholms kommun
Stefan Nilsson,MP,Stockholms kommun
Karin Karlsbro,FP,Stockholms kommun
Lawen Redar,S,Stockholms kommun
Kristina Svensson,S,n/a
Peter Jutterstrom,M,Jonkopings lan
Yvonne Angstrom,FP,Vasterbottens lan
Elina Linna,V,Sodermanlands lan
Agneta Lundberg,S,Vasternorrlands lan
Barbro Glansen,V,n/a
Anna Lilliehook,M,Stockholms kommun
Marianne Beyer,FP,n/a
Shadiye Heydari,S,Goteborgs kommun
Anders Ahlgren,C,Dalarnas lan
Lars Beckman,M,Gavleborgs lan
Richard Jomshof,SD,Blekinge lan
Elin Lundgren,S,Gavleborgs lan
Anders Sellstrom,KD,Vasterbottens lan
Ann-Louise Hansson,MP,Vasterbottens lan
Sven-Erik Bucht,S,Norrbottens lan
Johan Johansson,M,Norrbottens lan
Tomas Nilsson,S,Norrbottens lan
Peter Norman,M,n/a
Anna Maria Corazza Bildt,M,n/a
Christofer Fjellner,M,n/a
Marit Paulsen,FP,n/a
Olle Ludvigsson,S,n/a
Asa Westlund,S,Stockholms lan
Goran Farm,S,n/a
Anna Hedh,S,n/a
Eva-Britt Svensson,V,n/a
Carl Schlyter,MP,Stockholms lan
Isabella Lovin,MP,n/a
Christian Engstrom,PP,n/a
Jens Nilsson,S,n/a
Amelia Andersdotter,PP,n/a
Olle Larsson,SD,Stockholms lan
Adam Marttinen,SD,Stockholms kommun
Maria Arnholm,FP,Stockholms lan
Mikael Eskilandersson,SD,Gavleborgs lan
Pavel Gamov,SD,Skane lans sodra
Hans Mertzig,n/a,n/a
Karin Ragsjo,V,Stockholms kommun
Johanna Jonsson,C,Stockholms kommun
Angelika Bengtsson,SD,Stockholms kommun
Per Olsson,MP,Stockholms kommun
Tina Ghasemi,M,Stockholms kommun
Emanuel Oz,S,Stockholms kommun
Lolo Lindstrom,M,Orebro lan
Lena Klevenas,MP,Vastra Gotalands lans norra
Carlinge Wisberg,V,n/a
Chatrine Palsson Ahlgren,KD,Kalmar lan
Laila Bjurling,S,Sodermanlands lan
Eva Goes,MP,Stockholms kommun
Anna Corshammar-Bojerud,C,Skane lans vastra
Margareta Winberg,S,n/a
Lars Svensk,KD,Uppsala lan
Eva Zetterberg,V,n/a
John Bouvin,NYD,n/a
Kerstin Engle,S,Skane lans norra och ostra
Tommy Ternemar,S,Varmlands lan
Jorgen Johansson,C,Vastmanlands lan
Anita Jonsson,S,Skane lans sodra
Karin Starrin,C,n/a
Jerry Martinger,M,n/a
Karl Gustav Abramsson,S,Vasterbottens lan
Lennart Beijer,V,Kalmar lan
Carl-Axel Johansson,M,n/a
Inger Jarl Beck,S,Skane lans sodra
Seija Viitamaki-Carlsson,V,n/a
Billy Gustafsson,S,Ostergotlands lan
Per Unckel,M,n/a
Susanne Eberstein,S,Vasternorrlands lan
Rolf Edlund,C,n/a
Monica Andersson,S,n/a
Kenneth Attefors,NYD,n/a
Christina Andersson,C,Sodermanlands lan
Karin Thorborg,V,Vastmanlands lan
Inger Lundberg,S,n/a
Liisa Rulander,KD,n/a
Raimo Parssinen,S,Gavleborgs lan
Beatrice Ask,M,Stockholms kommun
Asa Lindestam,S,Gavleborgs lan
Claes Stockhaus,V,Vasternorrlands lan
Agneta Gille,S,Uppsala lan
Kenneth Johansson,C,Dalarnas lan
Helene Petersson,S,Jonkopings lan
Finn Bengtsson,M,Ostergotlands lan
Lars-Arne Staxang,M,Vastra Gotalands lans vastra
Maria Lundqvist-Bromster,FP,Vasterbottens lan
Willemo Carlsson,M,Kronobergs lan
Karin Svensson Smith,MP,Skane lans sodra
Ina Jarlesjo,KD,Norrbottens lan
Lena Asplund,M,Vasternorrlands lan
Gunilla Nordgren,M,Skane lans sodra
Anne Marie Broden,M,Hallands lan
Catharina Brakenhielm,S,Vastra Gotalands lans vastra
Peter Radberg,MP,Vastra Gotalands lans norra
Karin Nilsson,C,Kronobergs lan
Lars Ohly,V,Stockholms lan
Eskil Erlandsson,C,Kronobergs lan
Rolf Linden,S,Goteborgs kommun
Stefan Tornberg,C,Norrbottens lan
Per Asling,C,Jamtlands lan
Carina Hagg,S,Jonkopings lan
Michael Anefur,KD,Skane lans sodra
Mona Sahlin,S,Stockholms kommun
Egon Frid,V,Vastra Gotalands lans ostra
Ulf Berg,M,Dalarnas lan
Lena Sommestad,S,Uppsala lan
Dan Ericsson,KD,n/a
Patrik Bjorck,S,Vastra Gotalands lans ostra
Kristina Knoos-Franzen,M,n/a
Carina Ohlsson,S,Vastra Gotalands lans ostra
Anna Brandone,S,n/a
Leif Bjornlod,MP,Varmlands lan
Berit Bolander,S,n/a
Silwa Cedell,C,n/a
Ake Selberg,S,n/a
Roland Larsson,C,n/a
Ingela Martensson,FP,n/a
Viola Claesson,V,n/a
Jan Fransson,S,n/a
Kerstin Keen,FP,n/a
Rune Ryden,M,n/a
Ylva Annerstedt,FP,n/a
Carl-Erik Skarman,M,Stockholms kommun
Jan Bergqvist,S,n/a
Berith Eriksson,V,n/a
Tom Heyman,M,n/a
Gunnel Wallin,C,Skane lans norra och ostra
Anita Persson,S,n/a
Rolf Kenneryd,C,Hallands lan
Lars Biorck,M,n/a
Gunnar Nilsson,S,n/a
Ingvar Karlsson,C,n/a
Anita Siden,M,Goteborgs kommun
Bengt Kindbom,C,n/a
Marianne Watz,M,Stockholms kommun
Conny Fredriksson,S,n/a
Rigmor Stenmark,C,Uppsala lan
Ake Sandstrom,C,Vasterbottens lan
Margareta Nachmanson,M,n/a
Ola Rask,S,Stockholms lan
Ethel Duvskog,S,n/a
Nils T Svensson,S,n/a
Berit Oscarsson,S,n/a
Inger Gustavsson,FP,n/a
Torsten Sandberg,n/a,n/a
Helena Riviere,M,Stockholms kommun
Alexander Chrisopoulos,V,n/a
Torsten Gavelin,FP,n/a
Conny Sandholm,FP,n/a
Rolf Abjornsson,KD,Stockholms lan
Patrik Norinder,M,Gavleborgs lan
Bosse Ringholm,S,Stockholms kommun
Eva Lohman,M,Vasternorrlands lan
Helena Nilsson,C,n/a
Lars Wegendal,S,Kronobergs lan
Goran Persson,S,Sodermanlands lan
Anne-Katrine Dunker,M,Gavleborgs lan
Birger Schlaug,MP,n/a
Solveig Hellquist,FP,Vasternorrlands lan
Johan Lagerfelt,M,Orebro lan
Sonja Fransson,S,n/a
Christina Pettersson,S,n/a
Paavo Vallius,S,Vastmanlands lan
Gustav Nilsson,M,Blekinge lan
Agneta Ringman,S,Kalmar lan
Kjell Nordstrom,S,Vastra Gotalands lans ostra
Kia Andreasson,MP,Goteborgs kommun
Magda Ayoub,KD,Stockholms lan
Jan-Olof Ragnarsson,V,n/a
Ragnwi Marcelind,KD,Gavleborgs lan
Karin Astrom,S,Norrbottens lan
Anders Larsson,C,Orebro lan
My Gillberg,MP,n/a
Stefan Kall,FP,Sodermanlands lan
Asa Domeij,MP,Uppsala lan
Christer Adelsbo,S,Skane lans norra och ostra
Hakan Juholt,S,Kalmar lan
Ameer Sachet,S,Orebro lan
Ulla Andersson,V,Gavleborgs lan
Hans Backman,FP,Gavleborgs lan
Mats Sander,M,Skane lans vastra
Erik Holmkvist,M,n/a
Olle Goransson,S,n/a
Roland Sundgren,S,n/a
Bjorn von der Esch,KD,Sodermanlands lan
Martin Segerstedt,S,n/a
Roland Brannstrom,S,n/a
Owe Andreasson,S,n/a
Karl-Erik Svartberg,S,n/a
Sten Soderpalm-Berndes,M,n/a
Rune Johansson,S,n/a
Lars Ahlstrom,M,n/a
Borje Nilsson,S,n/a
Birgitta Hambraeus,C,n/a
Margareta Viklund,KD,n/a
Lennart Levi,C,Stockholms lan
Melker Strand,n/a,n/a
Gosta Lynga,MP,n/a
Anita Stenberg,MP,n/a
Birger Rosqvist,S,n/a
Curt Linderoth,M,Stockholms kommun
Gorel Bohlin,M,n/a
Goran Astrand,M,n/a
Lars Harneman,FP,n/a
Ulla Tillander,C,n/a
Stig Gustafsson,S,n/a
Ake Sundqvist,M,n/a
Gunilla Andre,C,n/a
Bo Sodersten,S,n/a
Inger Hestvik,S,n/a
Karin Ahrland,FP,n/a
Sven-Olof Nordlund,S,n/a
Kjell-Olof Feldt,S,n/a
Margit Gennser,M,n/a
Marianne Karlsson,C,n/a
Agneta Berliner,FP,Vastmanlands lan
Anders Akesson,C,Kalmar lan
Christin Hagberg,S,Skane lans vastra
Lotta Finstorp,M,Sodermanlands lan
Staffan Werme,FP,Orebro lan
Peter Hultqvist,S,Dalarnas lan
Lars Andersson,NYD,n/a
Desiree Pethrus,KD,Stockholms kommun
Cecilia Stego Chilo,M,n/a
Jens Orback,S,n/a
Lars-Olof Karlsson,S,n/a
Jabar Amin,MP,Vasterbottens lan
Carl Fredrik Graf,M,n/a
Lennart Boden,C,n/a
Ewa Thalen Finne,M,Skane lans sodra
Carina Adolfsson Elgestam,S,Kronobergs lan
Margareta Cederfelt,M,Stockholms kommun
Eva Marcusdotter,S,Orebro lan
Lars G Linder,S,n/a
Monica Green,S,Vastra Gotalands lans ostra
Alice Astrom,V,Jonkopings lan
Murad Artin,V,Orebro lan
Conny Fogelstrom,S,Stockholms lan
Mats Einarsson,V,Stockholms kommun
Ingrid Olsson,S,Skane lans vastra
Borje Vestlund,S,Stockholms kommun
Goran Persson,S,Skane lans norra och ostra
Christopher Odmann,MP,Stockholms kommun
Mikael Johansson,MP,Orebro lan
Goran Pettersson,M,Stockholms lan
Charlotta L Bjalkebring,V,n/a
Christina Zedell,S,Stockholms lan
Matz Hammarstrom,MP,n/a
Pontus Wiklund,KD,n/a
Stig Rindborg,M,n/a
Olle Ostrand,S,n/a
Bengt Harding Olson,FP,n/a
Inga-Britt Johansson,S,n/a
Maja Backstrom,S,n/a
Soren Norrby,FP,n/a
Wiggo Komstedt,M,n/a
Kent Lundgren,MP,n/a
John Rignell,M,n/a
Bertil Persson,M,n/a
Par Nuder,S,Stockholms lan
Eva Flyborg,FP,Goteborgs kommun
Caroline Helmersson Olsson,S,Sodermanlands lan
Hans Hoff,S,Hallands lan
Hillevi Engstrom,M,Stockholms lan
Gunilla Carlsson,M,Ostergotlands lan
Maria Stockhaus,M,Stockholms lan
Ola Strom,KD,Orebro lan
Roger Lamell,S,Uppsala lan
Yilmaz Kerimo,S,Stockholms lan
Jorgen Hellman,S,Vastra Gotalands lans norra
Bijan Fahimi,FP,n/a
Laila Back,S,n/a
Eva-Lena Jansson,S,Orebro lan
Joe Frans,S,Stockholms kommun
Tommy Waidelich,S,Stockholms lan
Krister Hammarbergh,M,Norrbottens lan
Charlotte Nordstrom,M,Vastra Gotalands lans ostra
Monica Tedestam Berglow,SD,Stockholms kommun
Inger Schorling,MP,Gavleborgs lan
Peter Weibull Bernstrom,M,n/a
Goran Montan,M,Skane lans norra och ostra
Rosa-Lill Wahlstedt,S,n/a
Kjell Ericsson,C,n/a
Christer Erlandsson,S,Stockholms lan
Soren Lekberg,S,n/a
Rezene Tesfazion,S,Uppsala lan
Rolf Gunnarsson,M,Dalarnas lan
Anna Lindgren,M,Ostergotlands lan
Roland Leben,KD,n/a
Nils Fredrik Aurelius,M,Kalmar lan
Maj-Inger Klingvall,S,n/a
Berit Johannesson,V,Goteborgs kommun
Ulla Berg,S,n/a
Lennart Daleus,C,n/a
Louise Edlind-Friberg,FP,Stockholms kommun
Viola Furubjelke,S,n/a
Berit Lofstedt,S,n/a
Helena Hillar Rosenqvist,MP,Ostergotlands lan
Marianne Carlstrom,S,Goteborgs kommun
Jorgen Andersson,S,n/a
Barbro Hietala Nordlund,S,Dalarnas lan
Soren Wibe,S,Vasterbottens lan
Alf Egnerfors,S,n/a
Per-Ola Eriksson,C,n/a
Anna Akerhielm,M,n/a
Yngve Wernersson,S,n/a
Maggi Mikaelsson,V,n/a
Asa Stenberg,S,n/a
Bengt Wittbom,M,n/a
Birgitta Gidblom,S,Norrbottens lan
Eva Julin,MP,n/a
Ingegerd Warnersson,S,n/a
Hans Karlsson,S,n/a
Sten Ostlund,S,n/a
Nils Nordh,S,n/a
Sven Lundberg,S,n/a
Nic Gronvall,M,n/a
Ivar Franzen,C,n/a
Helge Hagberg,S,n/a
Iris Martensson,S,n/a
Olle Grahn,FP,n/a
Hans Dau,M,n/a
Ake Wictorsson,S,n/a
Hans-Eric Andersson,S,n/a
Leif Olsson,FP,n/a
Martin Olsson,C,n/a
Ragnhild Pohanka,MP,n/a
Bengt Goransson,S,n/a
Arne Gadd,S,n/a
Jan-Erik Wikstrom,FP,n/a
Gunnar Goude,MP,Uppsala lan
Gunhild Bolander,C,n/a
Gothe Knutson,M,n/a
Ing-Marie Hansson,S,n/a
Gullan Lindblad,M,n/a
Birgit Henriksson,M,n/a
Wivi-Anne Cederqvist,S,n/a
Maj Britt Theorin,S,n/a
Birger Hagard,M,n/a
Ian Wachtmeister,NYD,n/a
Margareta Andren,FP,n/a
Sonja Rembo,M,n/a
Bo Arvidson,M,n/a
Ingvar Bjork,S,n/a
Ingegerd Anderlund,S,n/a
Ture Angqvist,S,n/a
Per-Richard Molen,M,n/a
Kjell Johansson,FP,n/a
Lars Sundin,FP,n/a
Lars Ernestam,FP,n/a
Marianne Jonsson,S,n/a
Hadar Cars,FP,n/a
Barbro Westerholm,FP,Stockholms lan
Marianne Stalberg,S,n/a
Birger Andersson,C,n/a
Anita Gradin,S,n/a
Axel Andersson,S,n/a
Thage G Peterson,S,n/a
Ove Karlsson,S,n/a
Gunnar Thollander,S,n/a
Irene Vestlund,S,n/a
Ivar Nordberg,S,n/a
Sylvia Pettersson,S,n/a
Anne-Marie von Essen,M,n/a
Mona Saint Cyr,M,n/a
Lars Ulander,S,n/a
Hans Lindforss,MP,n/a
Ingrid Ronne-Bjorkqvist,FP,n/a
Nils-Olof Gustafsson,S,n/a
Britta Hammarbacken,C,n/a
Karin Wegestal,S,n/a
Carl-Johan Wilson,FP,n/a
Stig Grauers,M,n/a
Bodil Francke Ohlsson,MP,n/a
Carl Frick,MP,n/a
Rolf Dahlberg,M,n/a
Kurt Ove Johansson,S,n/a
Margareta Jonback,FP,n/a
Nils Haggstrom,C,n/a
Ingrid Hemmingsson,M,n/a
Inga Davidsson,n/a,n/a
Ingrid Naslund,KD,n/a
Sverre Palm,S,n/a
Rune Thoren,C,n/a
Mariana Wallin,FP,n/a
Rune Backlund,C,n/a
Mats Johansson,M,Stockholms kommun
Ulf Melin,M,n/a
Kenth Hogstrom,S,n/a
Ewa Hedkvist Petersen,S,n/a
Lennart Pettersson,C,Skane lans vastra
Inger Segelstrom,S,n/a
Mats Berglind,S,Uppsala lan
Torgny Danielsson,S,Varmlands lan
Barbro Holmberg,S,n/a
Eva Olofsson,V,Goteborgs kommun
Ewa Larsson,MP,Stockholms kommun
Bengt Niska,S,n/a
Lennart Axelsson,S,Orebro lan
Anders Sundstrom,S,n/a
Lars-Axel Nordell,KD,Orebro lan
Ann-Kristin Fosker,FP,n/a
Siv Holma,V,Norrbottens lan
Gunnar Hokmark,M,n/a
Maria Hassan,S,Stockholms kommun
Krister Ornfjader,S,Kalmar lan
Robert Jousma,NYD,n/a
Ronny Korsberg,MP,n/a
Ingrid Burman,V,Uppsala lan
Sten Lundstrom,V,Malmo kommun
RosMarie Jonsson Necko,S,Kronobergs lan
Ola Sundell,M,Jamtlands lan
Kalle Sandell,KD,n/a
Bertil Kjellberg,M,Vasternorrlands lan
Ulla Wester,S,Skane lans norra och ostra
Lars Tysklind,FP,Vastra Gotalands lans vastra
Lars Backstrom,V,Vastra Gotalands lans vastra
Peter Kling,NYD,n/a
Elving Andersson,C,n/a
Kaj Nordquist,S,Stockholms kommun
Nina Kain,SD,Vastra Gotalands lans sodra
Robert Stenkvist,SD,Vastra Gotalands lans ostra
Cassandra Sundin,SD,Ostergotlands lan
Dag Klackenberg,M,Stockholms kommun
Sofia Folster,M,Stockholms lan
Niklas Wykman,M,Stockholms lan
Nooshi Dadgostar,V,Stockholms lan
Roger Hedlund,SD,Stockholms lan
Erik Andersson,M,Stockholms lan
Magdalena Andersson,S,Stockholms lan
Ida Drougge,M,Stockholms lan
Alexandra Volker,S,Stockholms lan
Azadeh Rojhan Gustafsson,S,Stockholms lan
Serkan Kose,S,Stockholms lan
Mathias Tegner,S,Stockholms lan
Erik Ottoson,M,Stockholms lan
Fredrik Eriksson,SD,Skane lans sodra
Sanne Eriksson,S,Uppsala lan
Lotta Johnsson Fornarve,V,Sodermanlands lan
Marco Venegas,MP,Sodermanlands lan
Olle Felten,SD,Sodermanlands lan
Oscar Sjostedt,SD,Sodermanlands lan
Eva Lindh,S,Ostergotlands lan
Teresa Carvalho,S,Ostergotlands lan
Runar Filper,SD,Ostergotlands lan
Dennis Dioukarev,SD,Jonkopings lan
Sotiris Delis,M,Jonkopings lan
Mats Green,M,Jonkopings lan
Emma Hult,MP,Jonkopings lan
Johanna Haraldsson,S,Jonkopings lan
Monica Haider,S,Kronobergs lan
Paula Bieler,SD,Kalmar lan
Christina Ostberg,SD,Kalmar lan
Jesper Skalberg Karlsson,M,Gotlands lan
Magnus Manhammar,S,Blekinge lan
Rasmus Ling,MP,Malmo kommun
Jennie Afeldt,SD,Malmo kommun
Anders Forsberg,SD,Malmo kommun
Daniel Sestrajcic,V,Malmo kommun
Yasmine Larsson,S,Skane lans vastra
Lena Emilsson,S,Skane lans vastra
Niklas Karlsson,S,Skane lans vastra
Rickard Persson,MP,Skane lans vastra
Roger Richtoff,SD,Skane lans vastra
Aron Emilsson,SD,Skane lans vastra
Sofia Damm,KD,Skane lans sodra
Kristina Yngwe,C,Skane lans sodra
Mats Persson,FP,Skane lans sodra
Patrik Jonsson,SD,Skane lans sodra
Per-Arne Hakansson,S,Skane lans norra och ostra
Anna Wallentheim,S,Skane lans norra och ostra
Maria Malmer Stenergard,M,Skane lans norra och ostra
Johan Nissinen,SD,Skane lans norra och ostra
Linus Bylund,SD,Skane lans norra och ostra
Elisabet Knutsson,MP,Skane lans norra och ostra
Jeff Ahl,SD,Hallands lan
Jorgen Warborn,M,Hallands lan
Aida Hadzialic,S,Hallands lan
Lars Puss,M,Hallands lan
Aron Modig,KD,Goteborgs kommun
Johan Buser,S,Goteborgs kommun
Robert Hannah,FP,Goteborgs kommun
Jimmy Stahl,SD,Goteborgs kommun
Anna Johansson,S,Goteborgs kommun
Martin Kinnunen,SD,Goteborgs kommun
Rikard Larsson,S,Skane lans sodra
Lisbeth Sunden Andersson,M,Goteborgs kommun
Maj Karlsson,V,Goteborgs kommun
Fredrik Christensson,C,Vastra Gotalands lans vastra
Emma Nohren,MP,Vastra Gotalands lans vastra
Per Klarberg,SD,Vastra Gotalands lans vastra
Paula Holmqvist,S,Vastra Gotalands lans norra
Said Abdu,FP,Vastra Gotalands lans norra
Jonas Millard,SD,Vastra Gotalands lans norra
Janine Alm Ericson,MP,Vastra Gotalands lans norra
Kristina Winberg,SD,Vastra Gotalands lans sodra
Christoffer Dulny,SD,Vastra Gotalands lans ostra
Erik Ezelius,S,Vastra Gotalands lans ostra
Sara-Lena Bjalko,SD,Orebro lan
Rene Francis,M,Orebro lan
Stefan Jakobsson,SD,Vastmanlands lan
Gabriel Wikstrom,S,Vastmanlands lan
Magnus Persson,SD,Dalarnas lan
Patrik Engstrom,S,Dalarnas lan
Patrik Lundqvist,S,Gavleborgs lan
Anders Schroder,MP,Gavleborgs lan
Mattias Backstrom Johansson,SD,Vasternorrlands lan
Kalle Olsson,S,Jamtlands lan
Bjorn Wiechel,S,Vasterbottens lan
Veronica Lindholm,S,Vasterbottens lan
Birger Lahti,V,Norrbottens lan
Emilia Toyra,S,Norrbottens lan
Hanna Wigh,SD,Norrbottens lan
Ida Karkiainen,S,Norrbottens lan
Heidi Karlsson,SD,Stockholms kommun
Asa Regner,S,n/a
Annika Strandhall,S,n/a
Helene Hellmark Knutsson,S,n/a
Alice Bah Kuhnke,MP,n/a
Kjell-Arne Welin,FP,n/a
Bo Holmberg,S,n/a
Sten-Ove Sundstrom,S,n/a
Lena Hjelm-Wallen,S,n/a
Harald Nordlund,FP,Uppsala lan
Inga Lantz,V,n/a
Per Gahrton,MP,n/a
Birgitta Carlsson,C,Vastra Gotalands lans ostra
Birgitta Johansson,S,n/a
Lisbeth Staaf-Igelstrom,S,n/a
Stig Sandstrom,V,n/a
Sten Andersson,-,n/a
Leif Marklund,S,n/a
Barbro Evermo Palmerlund,S,n/a
Nils-Goran Holmqvist,S,Orebro lan
Sven-Ake Nygards,S,n/a
Dag Ericson,S,n/a
Bertil Borglund,MP,Vastra Gotalands lans norra
Charlotte Branting,FP,n/a
Majvi Andersson,S,n/a
Lennart Friden,M,n/a
Christel Anderberg,M,Dalarnas lan
Tanja Linderborg,V,n/a
Harriet Colliander,NYD,n/a
Lennart Kollmats,FP,Hallands lan
Goran R Hedberg,M,n/a
Gustaf von Essen,KD,Uppsala lan
Torgny Johansson,S,Stockholms lan
Vivianne Franzen,NYD,n/a
Christina Linderholm,C,Stockholms kommun
Staffan Anger,M,Vastmanlands lan
Daniel Tarschys,FP,n/a
Lennart Hedquist,M,Uppsala lan
Ronny Karlsson,FP,n/a
Monica Ohman,S,n/a
Bengt Westerberg,FP,n/a
Lars Petersson,C,n/a
Birthe Sorestedt,S,n/a
Martha Berglund,S,n/a
Marita Bengtsson,S,n/a
Ingela Thalen,S,n/a
Anne Wibble,FP,n/a
Ulla Lofgren,M,Vasterbottens lan
Ingela Gardner,M,n/a
Bengt Ahlquist,FP,n/a
Ingegerd Sahlstrom,S,n/a
Lennart Degerliden,FP,n/a
Jan Jennehag,V,n/a
Maria Hed,S,n/a
Ake Gustavsson,S,n/a
Goran Lennmarker,M,Stockholms lan
Sture Arnesson,V,Varmlands lan
Mats O Karlsson,S,n/a
Lena Ohrsvik,S,n/a
Lennart Bolander,M,Vasternorrlands lan
Jarl Lander,S,Varmlands lan
Kenneth Kvist,V,Stockholms kommun
Gunnar Bjork,C,n/a
Jan Ertsborn,FP,Hallands lan
Per Sundgren,V,n/a
Per-Ingvar Johnsson,C,Skane lans norra och ostra
Jill Lindgren,MP,n/a
Carin Lundberg,S,Vasterbottens lan
Ingvar Svensson,KD,Stockholms lan
Alwa Wennerlund,KD,n/a
Christer Lindblom,FP,n/a
Roy Hansson,M,n/a
Tone Tingsgard,S,Uppsala lan
Viviann Gerdin,C,Varmlands lan
Per Lager,MP,n/a
Stefan Hagfeldt,M,Ostergotlands lan
Magnus Jacobsson,KD,Vastra Gotalands lans vastra
Johan Pehrson,FP,Orebro lan
Henrik Ripa,M,Vastra Gotalands lans norra
Bjorn Samuelson,M,Stockholms lan
Pyry Niemi,S,Uppsala lan
Jessika Roswall,M,Uppsala lan
Marta Obminska,M,Uppsala lan
Lars Isovaara,SD,Uppsala lan
Niclas Malmberg,MP,Uppsala lan
Emma Wallrup,V,Uppsala lan
Hannes Beckman,M,Uppsala lan
Gunnar Hedberg,M,Uppsala lan
Sara Karlsson,S,Sodermanlands lan
Hans Ekstrom,S,Sodermanlands lan
Carina Herrstedt,SD,Stockholms lan
Nils Brown,M,Sodermanlands lan
Erik Bengtzboe,M,Sodermanlands lan
Anna-Lena Sorenson,S,Ostergotlands lan
Annika Lillemets,MP,Ostergotlands lan
Thoralf Alfsson,SD,Ostergotlands lan
Magnus Oscarsson,KD,Ostergotlands lan
Mathias Sundin,FP,Ostergotlands lan
Mattias Ottosson,S,Ostergotlands lan
Jimmie Akesson,SD,Jonkopings lan
Kew Nordqvist,MP,Jonkopings lan
Peter Persson,S,Jonkopings lan
Goran Lindell,C,Jonkopings lan
Crister Spets,SD,Stockholms kommun
Bjorn Lind,S,Hallands lan
Ola Karlsson,M,Orebro lan
Peter Johnsson,S,Vastra Gotalands lans norra
Pia Nilsson,S,Vastmanlands lan
Thomas Bodstrom,S,Stockholms lan
Ulf Eriksson,NYD,n/a
Lars Linden,KD,Vasternorrlands lan
Peder Wachtmeister,M,Sodermanlands lan
Lars Engqvist,S,n/a
Lennart Klockare,S,Norrbottens lan
Stefan Kihlberg,NYD,n/a
Ingbritt Irhammar,C,n/a
Sylvia Lindgren,S,Stockholms kommun
Margareta Wallin-Johansson,M,n/a
Claes Roxbergh,MP,Goteborgs kommun
Goran Engstrom,C,n/a
Karin Nilsson,V,n/a
Bo Konberg,FP,n/a
Linnea Darell,FP,Ostergotlands lan
Par Granstedt,C,n/a
Anders G Hogmark,M,Kronobergs lan
Ulf Nilsson,FP,Skane lans sodra
Claus Zaar,NYD,n/a
Goran Norlander,S,Vasternorrlands lan
Bjorn von Sydow,S,Stockholms lan
Marianne Samuelsson,MP,Vastra Gotalands lans norra
Ake Carnero,KD,n/a
Carl B Hamilton,FP,Stockholms kommun
Sonia Karlsson,S,Ostergotlands lan
Gunnar Andren,FP,Stockholms lan
Lennart Fremling,FP,Dalarnas lan
Christina Berlin,FP,Stockholms lan
Ulla Bouvin,MP,n/a
Ulf Lofgren,MP,n/a
Kjell-Erik Karlsson,V,Hallands lan
Majlene Westerlund Panke,S,Hallands lan
Agneta Brendt,S,n/a
Erling Bager,FP,Goteborgs kommun
Anders Castberger,FP,Vastra Gotalands lans norra
Asa Agren Wikstrom,M,Norrbottens lan
Emma Carlsson Lofdahl,FP,Jonkopings lan
Martin Andreasson,FP,Stockholms kommun
Jan R Andersson,M,Kalmar lan
Amineh Kakabaveh,V,Stockholms kommun
Sofia Steiner,S,n/a
Eva Persson Sellin,S,n/a
Annika Nilsson,S,Skane lans vastra
Tobias Krantz,FP,Jonkopings lan
Anna Gronlund Krantz,FP,Norrbottens lan
Jessica Polfjard,M,Vastmanlands lan
Cecilia Wigstrom,FP,Goteborgs kommun
Per Bolund,MP,Stockholms kommun
Mia Franzen,FP,Stockholms lan
Mehmet Kaplan,MP,Stockholms kommun
Tasso Stafilidis,V,Skane lans vastra
Mikael Damberg,S,Stockholms lan
Jonas Ringqvist,V,n/a
Lars Lindblad,M,Skane lans sodra
Cecilia Dahl,S,Malmo kommun
Tobias Sjo,M,Stockholms kommun
Sofia Larsen,C,Orebro lan
Cinnika Beiming,S,Stockholms lan
Jennie Nilsson,S,Hallands lan
Ibrahim Baylan,S,Stockholms lan
Asa Romson,MP,Stockholms kommun
Petra Gardos,M,n/a
Helen Pettersson,S,Vasterbottens lan
Annika Nordgren,MP,n/a
Louise Malmstrom,S,Ostergotlands lan
Malin Lofsjogard,M,Stockholms lan
Helena Lindahl,C,Vasterbottens lan
Erik Ullenhag,FP,Stockholms kommun
Boel Linden,V,n/a
Olof Lavesson,M,Malmo kommun
Jonas Wikstrom,V,Uppsala lan
Anders Hansson,M,Skane lans sodra
Henrik von Sydow,M,Hallands lan
Christian Holm,M,Varmlands lan
Johan Lofstrand,S,Ostergotlands lan
Ali Esbati,V,Stockholms lan
Nina Larsson,FP,Varmlands lan
Sofia Arkelsten,M,Stockholms kommun
Karla Lopez,MP,Goteborgs kommun
Lars Hjalmered,M,Goteborgs kommun
Hannah Bergstedt,S,Norrbottens lan
Karin Granbom Ellison,FP,Ostergotlands lan
Fredrik Malm,FP,Stockholms kommun
Fredrik Lundh Sammeli,S,Norrbottens lan
Magdalena Streijffert,S,Hallands lan
Stina Larsson,C,Skane lans sodra
Gulan Avci,FP,Stockholms kommun
Karl Sigfrid,M,Stockholms lan
Anna Tenje,M,Kronobergs lan
Emma Henriksson,KD,Stockholms lan
Eliza Roszkowska Oberg,M,Stockholms lan
Tomas Tobe,M,Gavleborgs lan
Roger Haddad,FP,Vastmanlands lan
Asa Coenraads,M,Vastmanlands lan
Fredrick Federley,C,Stockholms kommun
Anna Konig Jerlmyr,M,Stockholms kommun
Hans Linde,V,Goteborgs kommun
Maria Weimer,FP,Uppsala lan
Johan Forssell,M,Stockholms kommun
Lage Rahm,MP,Goteborgs kommun
Oskar Oholm,M,Orebro lan
Liza-Maria Norlin,KD,Vasternorrlands lan
Jonas Gunnarsson,S,Varmlands lan
Gustav Fridolin,MP,Skane lans norra och ostra
Annie Loof,C,Jonkopings lan
Jens Holm,V,Stockholms kommun
David Lang,SD,Orebro lan
HG Wessberg,M,Stockholms kommun
Maria Abrahamsson,M,Stockholms kommun
Arhe Hamednaca,S,Stockholms kommun
Stellan Bojerud,SD,Dalarnas lan
Caroline Szyber,KD,Stockholms kommun
Stefan Svanstrom,KD,Stockholms kommun
Jessica Rosencrantz,M,Stockholms kommun
Markus Wiechel,SD,Vastra Gotalands lans norra
Anna Hagwall,SD,Vasterbottens lan
Johan Hedin,C,Stockholms kommun
Abir Al-Sahlani,C,Stockholms kommun
Rebwar Hassan,MP,Stockholms kommun
Mohamoud M. Enow,M,Stockholms kommun
Christoffer Jarkeborn,M,Stockholms kommun
Amir Adan,M,Stockholms kommun
Anton Abele,M,Stockholms kommun
Cecilia Brinck,M,Stockholms kommun
Sven Britton,S,Stockholms kommun
Hanif Bali,M,Stockholms lan
Kent Ekeroth,SD,Skane lans norra och ostra
Bjorn Soder,SD,Stockholms lan
Ingela Nylund Watz,S,Stockholms lan
Alexandra Anstrell,M,Stockholms lan
Agneta Karlsson,S,Stockholms lan
Leif Nysmed,S,Stockholms lan
Ardalan Shekarabi,S,Uppsala lan
Metin Ataseven,M,Stockholms lan
Johnny Munkhammar,M,Stockholms lan
Sedat Dogru,M,Stockholms lan
Bino Drummond,M,Stockholms lan
Thomas Julin,MP,n/a
Siw Persson,-,n/a
Gerd Engman,S,n/a
Gun Hellsvik,M,n/a
Claes Rensfeldt,S,n/a
Hans Petersson,V,n/a
Hans Rosengren,S,n/a
Mona Berglund Nilsson,S,Vastra Gotalands lans vastra
Ester Lindstedt-Staaf,KD,Hallands lan
Ulf Bjorklund,KD,n/a
Leni Bjorklund,S,n/a
Jan Erik Agren,KD,Vasternorrlands lan
Bert Karlsson,NYD,n/a
Rolf L Nilson,V,n/a
Holger Gustafsson,KD,Vastra Gotalands lans ostra
Anne-Marie Ekstrom,FP,Vastra Gotalands lans sodra
Sinikka Bohlin,S,Gavleborgs lan
Erik Asbrink,S,n/a
Ingegerd Saarinen,MP,Vasterbottens lan
Jan Andersson,S,n/a
Siv Ramsell,C,n/a
Carin Runeson,S,Dalarnas lan
Rosita Runegrund,KD,Vastra Gotalands lans vastra
Lena Larsson,S,n/a
Cristina Husmark Pehrsson,M,Skane lans vastra
Eva Johansson,S,n/a
Inge Garstedt,M,Malmo kommun
Mats Odell,KD,Stockholms lan
Lennart Rohdin,FP,n/a
Eva Eriksson,FP,n/a
Bo Lundgren,M,n/a
Eva Ryden,C,n/a
Kerstin Fredriksson,S,Vastra Gotalands lans norra
Gunnel Soderberg,M,Dalarnas lan
Patrik Forslund,M,Dalarnas lan
Britt-Marie Danestig,V,Ostergotlands lan
Mildred Thulin,C,Skane lans sodra
Ingibjorg Sigurdsdottir,S,n/a
Sigrid Bolkeus,S,n/a
Karl-Erik Persson,V,n/a
Inge Carlsson,S,n/a
Karl Hagstrom,S,n/a
Mariann Ytterberg,S,Vastmanlands lan
Liselotte Wago,M,n/a
Per Olof Hakansson,S,n/a
Lars-Ove Hagberg,V,n/a
Elisabet Franzen,MP,n/a
Sten Soderberg,-,n/a
Rune Wikstrom,M,Stockholms lan
Britta Bjelle,FP,n/a
Kjell Eldensjo,KD,Sodermanlands lan
Erling Walivaara,KD,Norrbottens lan
Bengt Silfverstrand,S,n/a
Britt-Marie Lindkvist,S,Malmo kommun
Kent Olsson,M,Vastra Gotalands lans vastra
Otto von Arnold,KD,Skane lans sodra
Chris Heister,M,n/a
Willy Soderdahl,V,n/a
Marianne Kierkemann,M,Hallands lan
Anne Ludvigsson,S,Ostergotlands lan
Wiwi-Anne Johansson,V,Vastra Gotalands lans vastra
Jan Bjorklund,FP,Stockholms lan
Esabelle Dingizian,MP,Stockholms lan
Anna-Karin Lundstrom,S,Stockholms lan
Richard Ulfvengren,NYD,n/a
Gunnar Lange,n/a,n/a
Gosta Bohman,M,n/a
Henry Allard,S,n/a
Blenda Littmarck,M,n/a
Lars Werner,V,n/a
Nils Oskar Nilsson,M,Stockholms lan
Barbro Sandberg,FP,n/a
Erik Janson,S,n/a
Gosta Andersson,C,n/a
Lena Bostrom,S,n/a
Magnus Persson,S,n/a
Jan-Olof Franzen,M,n/a
Margareta Fogelberg,FP,n/a
Wivi-Anne Radesjo,S,n/a
Rune Evensson,S,n/a
Lars Bjorkman,M,n/a
Arne Kjornsberg,S,Vastra Gotalands lans sodra
Krister Skanberg,MP,n/a
Bengt Rosen,FP,n/a
Lilian Svensson,S,n/a
Olle Lindstrom,M,n/a
Ana Maria Narti,FP,Stockholms kommun
Jorn Svensson,V,n/a
Ivar Virgin,M,n/a
Georg Andersson,S,n/a
Lars Hedfors,S,n/a
Karl-Goran Biorsmark,FP,n/a
Lennart Pettersson,S,n/a
Lennart Brunander,C,n/a
Bengt A Klang,FP,n/a
Bruno Poromaa,S,n/a
Hakan Stromberg,S,n/a
Bengt Lindqvist,S,n/a
Bertil Mabrink,V,n/a
Harald Bergstrom,KD,n/a
Ingvar Eriksson,M,n/a
Ulf Lonnqvist,S,n/a
Ulla-Britt Abark,S,n/a
Maud Bjornemalm,S,n/a
Bertil Danielsson,M,n/a
Alf Svensson,KD,Skane lans norra och ostra
Tommy Franzen,V,n/a
Pierre Schori,S,n/a
Marianne Lofstedt,M,n/a
Lars Tobisson,M,n/a
My Persson,M,n/a
Kaj Larsson,S,n/a
Margaretha af Ugglas,M,n/a
Gabriel Romanus,FP,Stockholms kommun
Knut Billing,M,n/a
Paul Ciszuk,MP,n/a
Lahja Exner,S,n/a
Lilian Virgin,S,Gotlands lan
Goran Magnusson,S,Vastmanlands lan
Bo Finnkvist,S,n/a
Birgitta Wistrand,M,n/a
Ingemar Eliasson,FP,n/a
Jan Backman,M,n/a
Lars Bergstig,FP,n/a
Anita Modin,S,n/a
Bo Toresson,S,n/a
Marita Aronson,FP,Vastra Gotalands lans vastra
Ingemar Josefsson,S,n/a
Anders Svard,C,n/a
Bo Forslund,S,n/a
Sven H Salen,FP,n/a
Harry Staaf,KD,n/a
Gote Jonsson,M,n/a
Ingrid Andersson,S,n/a
Lisbet Calner,S,n/a
Rune Berglund,S,Jamtlands lan
Nikos Papadopoulos,S,Stockholms kommun
Christina Raud,S,n/a
Anna-Greta Leijon,S,n/a
Margareta Morck,FP,n/a
Carl Tham,S,n/a
Bengt Hurtig,V,n/a
Arne Svensson,M,n/a
Hans Gustafsson,S,n/a
Filip Fridolfsson,M,n/a
John Johnsson,S,n/a
Anna Horn af Rantzien,MP,n/a
Jorgen Weibull,FP,n/a
Hans Nyhage,M,n/a
Knut Wachtmeister,M,n/a
Simon Liliedahl,NYD,n/a
Stig Alemyr,S,n/a
Gunnar Strom,S,n/a
Doris Havik,S,n/a
Lars Norberg,MP,n/a
Ingrid Sundberg,M,n/a
Olle Svensson,S,n/a
Karl Erik Eriksson,FP,n/a
Grethe Lundblad,S,n/a
Evert Svensson,S,n/a
Lars Gustafsson,S,n/a
Helge Klover,S,n/a
Bengt Dalstrom,NYD,n/a
Lennart Blom,M,n/a
Jerzy Einhorn,KD,n/a
Jens Eriksson,M,n/a
Ingrid Hasselstrom Nyvall,FP,n/a
Borje Stensson,FP,n/a
Hans Goran Franck,S,n/a
Lars Svensson,S,n/a
Gustav Persson,S,n/a
Carl-Erik Lundgren,n/a,n/a
Paul Lestander,V,n/a
Margit Sandehn,S,n/a
Hans Petersson,FP,n/a
Ingeborg Hartelius,n/a,n/a
Kersti Johansson,C,n/a
Goran Allmer,M,n/a
Olle Westberg,S,n/a
Ulla Orring,FP,n/a
Maj-Britt Wallhorn,KD,n/a
Kerstin Gothberg,C,n/a
Lennart Andersson,S,n/a
Gunnel Liljegren,M,n/a
Allan Ekstrom,M,n/a
Aina Westin,S,n/a
Hakan Stjernlof,M,n/a
Elisabeth Fleetwood,M,n/a
Ewy Moller,M,n/a
Stina Eliasson,C,n/a
Nils Asling,C,n/a
Arne Andersson,M,n/a
Arne Andersson,S,n/a
Kaj Nilsson,MP,n/a
Kjell Nilsson,S,n/a
Ulla Johansson,S,n/a
Bertil Fiskesjo,C,n/a
Birgitta Rydle,M,n/a
Eva Bengtsson,MP,n/a
Anders Andersson,M,n/a
Alf Wennerfors,M,n/a
Margareta Gard,M,n/a
Hugo Bergdahl,FP,n/a
Anna Wohlin-Andersson,C,n/a
Oswald Soderqvist,V,n/a
Margareta Palmqvist,S,n/a
Karin Soder,C,n/a
Hans Hjortzberg-Nordlund,M,n/a
Jon Peter Wieselgren,n/a,n/a
Sven Eric Lorentzon,M,n/a
Sture Thun,S,n/a
Ingegerd Troedsson,M,n/a
Kerstin Ekman,FP,n/a
Sven-Gosta Signell,S,n/a
Rune Jonsson,S,n/a
Kjell Dahlstrom,MP,n/a
Runar Patriksson,FP,Varmlands lan
Anders Bjorck,M,n/a
Lennart Varmby,V,n/a
Charlotte Cederschiold,M,n/a
Berndt Skoldestig,S,n/a
Anita Johansson,S,Stockholms lan
Bjorn Korlof,M,n/a
Kersti Gylling,n/a,n/a
Lennart Nilsson,S,Vastra Gotalands lans vastra
Ingemar Vanerlov,KD,Vastra Gotalands lans norra
Christer Winden,NYD,n/a
Berndt Ekholm,S,Vastra Gotalands lans sodra
Inger Davidson,KD,Stockholms lan
Goran Thingwall,-,Stockholms lan
Karin Jeppsson,S,n/a
Barbro Andersson Ohrn,S,n/a
Mats Lindberg,S,n/a
Birgitta Sellen,C,Vasternorrlands lan
Christer Skoog,S,Blekinge lan
Britt Olauson,S,Ostergotlands lan
Bjorn Hamilton,M,Stockholms lan
Kristina Persson,S,n/a
Hans Andersson,V,n/a
Barbro Feltzing,MP,Vastra Gotalands lans norra
Lennart Holmsten,S,n/a
Ulla-Britt Hagstrom,FP,Vastra Gotalands lans ostra
Elisabeth Svantesson,M,Orebro lan
Mikael Sandstrom,M,Stockholms lan
Anders Borg,M,n/a
Peter Jeppsson,S,Blekinge lan
Ulrica Messing,S,Gavleborgs lan
Anders Bengtsson,S,Skane lans norra och ostra
Mats G Nilsson,M,Stockholms kommun
Jan Orrenius,KD,n/a
Ingvar Carlsson,S,n/a
Pehr Lofgreen,M,n/a
Inger Koch,M,n/a
Eva Bjorne,M,n/a
Britta Sundin,S,n/a
Kenth Skarvik,FP,n/a
Marta Johansson,S,n/a
Ing-Britt Nygren,M,n/a
Thor Mattisson,M,n/a
Erkki Tammenoksa,S,n/a
Margitta Edgren,FP,n/a
Lars Ahlmark,M,n/a
Ingrid Skeppstedt,C,n/a
Rosa Osth,C,n/a
Lennart Eliasson,FP,Orebro lan
Johan Brohult,-,n/a
Anders Nilsson,S,n/a
Karin Thome,MP,n/a
Borje Hornlund,C,n/a
Stina Gustavsson,C,n/a
Eva Selin Lindgren,C,Goteborgs kommun
Ingegerd Elm,S,n/a
Maj-Lis Loow,S,n/a
Karin Falkmer,M,n/a
Laila Strid-Jansson,NYD,n/a
Fanny Rizell,KD,n/a
Carl Olov Persson,KD,n/a
Elver Jonsson,FP,n/a
Carl Erik Hedlund,M,n/a
Ake Bergback,FP,Norrbottens lan
Lennart Alsen,FP,n/a
Isa Halvarsson,FP,n/a
Jan Stromdahl,V,n/a
Olavi Viitanen,S,n/a
Anita Brakenhielm,M,n/a
Larz Johansson,C,n/a
Inger Nordlander,S,Stockholms kommun
Lars Moquist,NYD,n/a
Margo Ingvardsson,V,n/a
Dan Eriksson,NYD,n/a
Tuve Skanberg,KD,Skane lans norra och ostra
Lennart Sacredeus,KD,Dalarnas lan
Anne Rhenman,-,n/a
Dan Kihlstrom,KD,Varmlands lan
Camilla Skold Jansson,V,Jamtlands lan
Ann-Christin Ahlberg,S,Vastra Gotalands lans sodra
Katja Larsson,S,Skane lans sodra
Hans Leghammar,MP,n/a
Anti Avsan,M,Stockholms lan
Per Landgren,KD,Goteborgs kommun
Lena Ek,C,Ostergotlands lan
Lena Olsson,V,Dalarnas lan
Per Bill,M,Uppsala lan
Suzanne Svensson,S,Blekinge lan
Leif Lindstrom,V,Dalarnas lan
Asa Torstensson,C,Vastra Gotalands lans vastra
Jan Sandberg,M,n/a
Christine Jonsson,M,Skane lans sodra
Lars Stjernkvist,S,n/a
Betty Malmberg,M,Ostergotlands lan
Bodil Ceballos,MP,Gavleborgs lan
Eva Johnsson,KD,Kronobergs lan
Marianne Ahman,FP,Varmlands lan
Andreas Carlgren,C,Stockholms kommun
Thommy Ohlsson,V,n/a
Peter Eriksson,MP,Stockholms lan
Berit Hogman,S,Varmlands lan
Maria Ostberg Svanelind,S,Stockholms kommun
Walburga Habsburg Douglas,M,Sodermanlands lan
Sivert Carlsson,C,n/a
Inger Rene,M,Vastra Gotalands lans vastra
Anna Lindh,S,n/a
Per-Samuel Nisser,M,Varmlands lan
Liselott Hagberg,FP,Sodermanlands lan
Stefan Wiken,S,Jamtlands lan
Henrik Landerholm,M,n/a
Ulf Kristersson,M,Sodermanlands lan
Caroline Hagstrom,KD,n/a
Ylva Johansson,S,Stockholms kommun
Robert Halef,KD,Stockholms lan
Allan Widman,FP,Malmo kommun
Maria Stromkvist,S,Dalarnas lan
Mats Gerdau,M,Stockholms lan
Carin Jamtin,S,Stockholms kommun
Penilla Gunther,KD,Vastra Gotalands lans norra
Britta Lejon,S,Stockholms lan
Urban Ahlin,S,Vastra Gotalands lans ostra
Annika Qarlsson,C,Vastra Gotalands lans norra
Irene Oskarsson,KD,Jonkopings lan
Hans Wallmark,M,Skane lans norra och ostra
Thomas Ostros,S,Uppsala lan
Kent Harstedt,S,Skane lans vastra
Lotta Edholm,FP,n/a
Stefan Caplan,M,Vastra Gotalands lans vastra
Renee Jeryd,S,Vastra Gotalands lans norra
Ulrika Carlsson,C,Vastra Gotalands lans ostra
Sten Bergheden,M,Vastra Gotalands lans ostra
Mikael Janson,FP,n/a
Fredrik Reinfeldt,M,Stockholms kommun
Lars-Erik Soting,S,Orebro lan
Aleksander Gabelic,S,Ostergotlands lan
Cecilia Wikstrom,FP,Uppsala lan
Helena Frisk,S,Orebro lan
Hans Stenberg,S,Vasternorrlands lan
Marie Engstrom,V,Varmlands lan
Ulla Pettersson,S,n/a
Owe Hellberg,V,Gavleborgs lan
Maria Kornevik Jakobsson,C,Vastra Gotalands lans vastra
Heli Berg,FP,Blekinge lan
Maria Plass,M,Vastra Gotalands lans vastra
Ann-Marie Fagerstrom,S,Kalmar lan
Elvy Soderstrom,S,n/a
Annelie Enochson,KD,Goteborgs kommun
Greger Tidlund,S,Sodermanlands lan
Thomas Nihlen,MP,Vasterbottens lan
Christer Winback,FP,Vastra Gotalands lans ostra
Mikael Odenberg,M,Stockholms kommun
Marianne Andersson,S,n/a
Christer Eriksson,C,Vastmanlands lan
Margareta E Nordenvall,M,n/a
Thomas Strand,S,Jonkopings lan
Leif Pettersson,S,Norrbottens lan
Tomas Hogstrom,M,Vastmanlands lan
Michael Hagberg,S,Sodermanlands lan
Marianne Berg,V,Malmo kommun
Magdalena Andersson,M,Jonkopings lan
Marie-Louise Ronnmark,S,Vasterbottens lan
Sven-Erik Sjostrand,V,Skane lans norra och ostra
Ulf Sjosten,M,Vastra Gotalands lans sodra
Gunnar Nordmark,FP,Kronobergs lan
Annica Jonsson,V,Vastra Gotalands lans norra
Katarina Kohler,S,Vasterbottens lan
Par Axel Sahlberg,S,Hallands lan
Peter Pedersen,V,Orebro lan
Britta Radstrom,S,Vasterbottens lan
LiseLotte Olsson,V,Vasterbottens lan
Odd Engstrom,S,n/a
Leif Bergdahl,NYD,n/a
Ulf Adelsohn,M,n/a
Bengt-Ola Ryttar,S,n/a
Christer Nilsson,S,n/a
Karin Israelsson,C,n/a
Peter Althin,KD,Skane lans sodra
Inga Berggren,M,n/a
Birgit Friggebo,FP,n/a
Rinaldo Karlsson,S,n/a
Kerstin Heinemann,FP,Vastmanlands lan
Mats Hellstrom,S,n/a
Per-Olof Svensson,S,Gavleborgs lan
Ingrid Hammarberg,FP,Gavleborgs lan
Arne Jansson,NYD,n/a
Per Erik Granstrom,S,Dalarnas lan
Kerstin Warnerbring,C,n/a
Elizabeth Nystrom,M,Vastra Gotalands lans norra
Leif Carlson,M,Kalmar lan
Ulla Hoffmann,V,Stockholms kommun
Ingvar Johnsson,S,n/a
Helena Bargholtz,FP,Stockholms lan
Elisabeth Persson,V,n/a
Reynoldh Furustrand,S,Sodermanlands lan
Bjorn Rosengren,S,n/a
Jan Hyttring,C,n/a
Christer Eirefelt,FP,n/a
Goran Ericsson,M,n/a
Christer Hall,S,n/a
Marianne Andersson,C,n/a
Gorel Thurdin,C,n/a
Lena Odeen,FP,Gavleborgs lan
Laila Freivalds,S,n/a
Leo Persson,S,n/a
Cecilia Jensfelt,n/a,n/a
Bengt Kronblad,S,n/a
Bo Nilsson,S,n/a
Sven Brus,KD,Ostergotlands lan
Bo Hammar,V,n/a
Claes-Goran Larsson,S,n/a
Juan Fonseca,KD,Stockholms kommun
Bo Frank,M,n/a
Margot Wallstrom,S,n/a
Marie Weibull Kornias,M,Skane lans vastra
Phia Andersson,S,Vastra Gotalands lans sodra
Kerstin Lundgren,C,Stockholms lan
Solveig Zander,C,Uppsala lan
Maria Larsson,KD,Jonkopings lan
Maria Leissner,FP,n/a
Britt Bohlin Olsson,S,Vastra Gotalands lans norra
Sten Nordin,M,Stockholms kommun
Kristina Zakrisson,S,Norrbottens lan
Johnny Gylling,KD,Blekinge lan
Rolf K Nilsson,M,Gotlands lan
Loui Bernal,MP,n/a
Cecilia Magnusson,M,Goteborgs kommun
Inger Fredriksson,C,Sodermanlands lan
Marie Wahlgren,FP,Skane lans sodra
Marie Granlund,S,Malmo kommun
Roger Tiefensee,C,Sodermanlands lan
Anne-Marie Wallouch,V,Varmlands lan
Jasenko Omanovic,S,Vasternorrlands lan
Reza Khelili Dylami,M,Stockholms kommun
Mikael Dahlqvist,S,Varmlands lan
Olle Thorell,S,Vastmanlands lan
Annika Hirvonen,MP,Stockholms lan
Maria Falth,KD,Stockholms lan
Jakop Dalunde,MP,Stockholms kommun
Anna Steele,FP,Stockholms lan
Anna-Karin Hatt,C,Stockholms lan
Lise Nordin,MP,Goteborgs kommun
Pontus Haag,M,Goteborgs kommun
Rickard Nordin,C,Goteborgs kommun
Ellen Juntti,M,Vastra Gotalands lans vastra
Johnny Skalin,SD,Hallands lan
Erik Almqvist,SD,Vastra Gotalands lans norra
Maria Andersson Willner,S,Vastra Gotalands lans norra
Ulrik Nilsson,M,Vastra Gotalands lans sodra
Gunilla Svantorp,S,Varmlands lan
Bengt Berg,V,Varmlands lan
Stina Bergstrom,MP,Varmlands lan
Daniel Backstrom,C,Varmlands lan
Hakan Svenneling,V,Varmlands lan
Jonas Eriksson,MP,Orebro lan
Hakan Bergman,S,Orebro lan
Per Ramhorn,SD,Kronobergs lan
Lotta Olsson,M,Orebro lan
Margareta Larsson,SD,Vastra Gotalands lans ostra
Agneta Luttropp,MP,Vastmanlands lan
Carl-Oskar Bohlin,M,Dalarnas lan
Ann-Britt Asebol,M,Dalarnas lan
William Petzall,-,Dalarnas lan
Per-Johan Emtell,MP,Gavleborgs lan
Kristina Nilsson,S,Vasternorrlands lan
Ingemar Nilsson,S,Vasternorrlands lan
Emil Kallstrom,C,Vasternorrlands lan
Christina Hoj Larsen,V,Vasternorrlands lan
Saila Quicklund,M,Jamtlands lan
Anna-Caren Satherberg,S,Jamtlands lan
Isak From,S,Vasterbottens lan
Edward Riedl,M,Vasterbottens lan
Elisabeth Bjornsdotter Rahm,M,Vasterbottens lan
Jonas Sjostedt,V,Vasterbottens lan
